Address,Bathrooms,Bedrooms,Home Size,Lat,Lon,Property Size,Year Built,Zestimate,Zipcode
13814 N BURNING TREE PL,3.33,,2500,33.611811,-112.068293,9759,1973,382330,85022
2205 N 91ST GLEN,2.5,4,2568,33.473815,-112.256857,5175,2005,245249,85037
2923 W PIMA ST,,,,33.432718,-112.122579,21780,1980,,85009
22317 N 39TH RUN,4,4,3785,33.689119,-111.986665,6111,2005,608753,85050
5314 W VERNON AVE,3,4,1967,33.474179,-112.174218,6817,1967,193498,85035
3707 W CARSON RD,2,,1302,33.381844,-112.138495,4094,2004,188539,85041
1336 E BETH DR,,0,,33.364859,-112.05381,8774,,497200,85042
5716 N 11TH WY,2,3,1588,33.520851,-112.057378,43560,1953,425286,85014
205 W CANTERBURY LN,3.67,,2138,33.614378,-112.076567,6816,1978,357458,85023
2108 E PATRICK LN,2,3,1600,33.693571,-112.037797,6316,1996,334365,85024
2301 E LARKSPUR DR,1.5,3,1252,33.600236,-112.033516,7253,1960,225860,85022
1016 E MOHAVE ST,2,3,867,33.431621,-112.059479,6216,2009,160388,85034
10411 W CALLE DE EDENS,2,,1475,33.500904,-112.285248,6207,1979,191394,85037
3234 E MADISON ST,2,4,1632,33.446432,-112.01124,43560,2005,264015,85034
3033 W POLK ST,3,,2246,33.452866,-112.125324,7775,1946,200730,85009
11817 N 29TH AVE,2,3,1341,33.593488,-112.121258,43560,1970,209694,85029
4031 W PALOMINO RD,1,3,1005,33.509672,-112.146451,1668,1972,84964,85019
3150 E BEARDSLEY RD,2.5,2,1996,33.670531,-112.01482,207842,2005,314295,85050
1329 W LYNWOOD ST,1,3,1340,33.464475,-112.090476,6835,1935,417936,85007
4031 E MONTECITO AVE,3,3,1853,33.499169,-111.993867,8721,1954,527636,85018
3508 W DIANA AVE,2,,1632,33.562765,-112.135056,6560,1960,176862,85051
2302 E LINCOLN CIR,2.33,,1969,33.537833,-112.031764,9967,1969,464286,85016
3632 W ORANGEWOOD AVE,2,4,1326,33.546056,-112.137898,8028,1962,196206,85051
10235 N 31ST ST,2,0,1200,33.579926,-112.014339,1594,1985,401226,85028
3345 W SURREY AVE,2,,1222,33.604196,-112.130559,9254,1968,191867,85029
4013 W OCOTILLO RD,2,3,1423,33.534615,-112.145504,7331,1960,191934,85019
4032 N 46TH AVE,1,4,1177,33.494292,-112.158242,6177,1954,131143,85031
112 E VILLA THERESA DR,2,4,1150,33.654459,-112.072339,5906,1974,104586,85022
3208 W CLINTON ST,2,3,1630,33.583375,-112.127412,6277,1971,178132,85029
2922 W MARIPOSA ST,1,,1855,33.5081,-112.122511,6622,1954,174480,85017
2237 E CAPTAIN DREYFUS AVE,3,,2464,33.605349,-112.033248,9538,1981,405020,85022
15022 S 7TH ST,4,,3506,33.309828,-112.065847,12105,1993,721409,85048
721 W MOUNTAIN SKY AVE,3,4,2329,33.30361,-112.084609,10132,1993,406785,85045
37113 N 16TH ST,2,,2638,33.822242,-112.047224,109423,2002,477032,85086
11424 S KI RD,1,,919,33.342712,-111.973451,4051,1977,175481,85044
27506 N 63RD DR,3,4,2230,33.735357,-112.195839,4273,2003,302290,85083
2132 W MYRTLE AVE,2,3,1534,33.542451,-112.105422,5872,1957,246801,85021
6525 W LARIAT LN,3,4,2103,33.72159,-112.200613,6600,1999,313340,85083
4536 E VINEYARD RD,2,3,1120,33.385151,-111.982776,7544,1982,203327,85042
42406 N 46TH LN,2.33,,1757,33.869541,-112.160624,5625,2004,263769,85086
13838 N 38TH PL,2,3,1856,33.613176,-111.998746,6397,1970,269951,85032
732 E LUDLOW DR,,0,,33.612324,-112.064134,2150,,,85022
23030 N 25TH ST,2.67,,1800,33.696681,-112.029662,7547,1997,367219,85024
1739 W MICHELLE DR,2,4,1320,33.649407,-112.097594,304920,1972,232219,85023
1902 E LAMAR RD,2,3,1916,33.536934,-112.040354,8529,1963,444868,85016
3325 W PORT AU PRINCE LN,2,,1128,33.62282,-112.130457,6198,1970,173943,85053
1917 E CAMPBELL AVE,2,,1416,33.501755,-112.039751,7288,1955,305300,85016
13048 S 41ST PL,2,3,1740,33.327198,-111.993971,9583,1984,298815,85044
3511 E BASELINE RD,2,2,890,33.376283,-112.00679,892,1986,141348,85042
8239 N 29TH AVE,1,3,1409,33.558403,-112.121009,8011,1950,159258,85051
7129 W MARIPOSA ST,1,2,1156,33.508114,-112.212665,2326,1963,77851,85033
3422 E TOPEKA DR,4,5,2811,33.659396,-112.00839,7418,1994,414014,85050
1613 W YUMA ST,3,5,1416,33.434669,-112.09445,11326,1964,183997,85007
104 W MISSOURI AVE,2,2,1526,33.51708,-112.075854,,1979,282163,85013
14435 S 48TH ST,1,,767,33.314633,-111.979931,792,1998,169729,85044
3445 N 36TH ST,1,2,780,33.489582,-112.002935,108800,,,85018
3302 N 65TH AVE,2,3,1332,33.48637,-112.199936,7383,1961,174848,85033
22226 N 54TH WY,3,,2449,33.689038,-111.958013,10430,1999,617382,85054
7409 S 15TH LN,3.67,,2537,33.37952,-112.091757,10446,2004,270813,85041
3351 N 69TH DR,1,2,700,33.487333,-112.209385,1350,1989,79879,85033
4520 W STONEMAN DR,3,4,2537,33.865909,-112.155747,5296,2004,302638,85086
2744 E TAMARISK AVE,1,,885,33.404466,-112.021863,14915,1945,129853,85040
919 W SOLCITO LN,2,,1765,33.524182,-112.085403,3585,1970,301821,85013
5252 N 42ND LN,1,,1005,33.514094,-112.149518,928,1972,87072,85019
85 W VIRGINIA AVE,2,,1544,33.476391,-112.077575,8693,1953,435267,85003
9984 W DEVONSHIRE AVE,2.5,3,1756,33.49684,-112.276711,5070,1995,205977,85037
14621 S PRESARIO TR,4.33,,3683,33.313974,-112.075109,31397,2003,1194862,85048
2827 N 51ST AVE,,0,,33.478831,-112.168213,213243,,97286,85035
3421 E ALTADENA AVE,2,3,1419,33.591834,-112.007792,8067,1971,313876,85028
4723 E APOLLO RD,,,936,33.387155,-111.979625,6969,1977,170870,85042
10043 S 49TH ST,2,3,1570,33.354298,-111.976294,6987,1983,273113,85044
19865 N 17TH LN,2,4,1559,33.667443,-112.096022,7058,1974,223478,85027
4523 W VERDE LN,2,,1401,33.481087,-112.157163,6382,1958,167181,85031
16025 S 43RD PL,3,4,2226,33.300005,-111.989618,6294,1987,356685,85048
4104 N 28TH AVE,1,,828,33.495241,-112.119855,8076,1950,118722,85017
4210 N 18TH DR,1,0,1576,33.497379,-112.099348,7405,1946,,85015
4126 N 42ND PL,3,4,2087,33.496004,-111.990386,7570,1950,620398,85018
111 W OREGON AVE,3,4,4080,33.513558,-112.076632,10179,1987,722777,85013
3632 N 60TH AVE,2,,1258,33.490276,-112.19015,6373,1972,165336,85033
4144 N 21ST ST,2,2,1118,33.496491,-112.036981,1122,1985,169254,85016
2915 W MEADOW DR,2,,1307,33.641001,-112.122348,9273,1983,244485,85053
4521 N 82ND LN,1,,1232,33.5023,-112.236747,9413,1980,170673,85033
3121 E MARILYN RD,2,3,2156,33.620499,-112.014473,16429,1979,369688,85032
2904 W CACTUS RD,2,,2356,33.596712,-112.121459,5982,1959,217124,85029
8820 N 15TH LN,2,3,2447,33.565202,-112.093962,13669,1960,338736,85021
3511 E BASELINE RD,2,2,890,33.376283,-112.00679,892,1986,141348,85042
3221 W MOHAWK LN,1,,823,33.673135,-112.128728,4602,1986,156674,85027
750 NW GRAND AVE,,,,33.453024,-112.083951,,,189989,85007
2939 W MONTEBELLO AVE,1,,1180,33.520153,-112.123064,6625,1952,147962,85017
615 W SOUTH MOUNTAIN AVE,2,,1221,33.370207,-112.082151,6795,1963,166843,85041
3938 W CAMBRIDGE AVE,2,,1320,33.477952,-112.144716,6537,1960,160278,85009
15430 N 25TH ST,,0,,33.627648,-112.029112,76825,,1993473,85032
6316 N 7TH AVE,4.67,4,3538,33.529712,-112.082881,19704,2014,885357,85013
4442 E JOJOBA RD,3.5,4,3667,33.322319,-111.986732,5998,2017,495191,85044
16820 N 32ND AVE,2,3,1496,33.638243,-112.127191,9015,1979,237638,85053
2228 E WIER AVE,2,,1217,33.403503,-112.032951,6504,1961,150536,85040
2725 E MINE CREEK RD,2.5,3,1381,33.703287,-112.025504,757423,2008,1170517,85024
4021 W WINDSOR AVE,1,,982,33.478642,-112.146163,6240,1960,132895,85009
4137 W MCLELLAN BLVD,2,,1161,33.532463,-112.14878,6865,1960,161843,85019
3809 W BUTLER DR,2,4,1240,33.56009,-112.141158,6094,1964,176720,85051
5935 W CYPRESS ST,2,,2132,33.472271,-112.188091,7771,1989,199531,85035
4149 W ALTA VISTA RD,2,,1050,33.387707,-112.148587,6943,1971,111025,85041
2928 N 79TH LN,2,,1132,33.481223,-112.228995,7301,1979,167248,85033
39822 N RIVER BEND RD,2.33,,1827,33.847175,-112.097629,5715,2005,266921,85086
4424 E SAN GABRIEL AVE,2,3,1793,33.350977,-111.986901,11456,1976,340624,85044
2726 E MICHIGAN AVE,2,,1246,33.651861,-112.023841,7093,1983,224980,85032
6642 W RED FOX RD,3.5,4,3613,33.739277,-112.20294,10441,2004,435944,85083
526 W PALO VERDE DR,2,,1976,33.523169,-112.081269,17110,1949,513351,85013
16013 S DESERT FOOTHILLS PKWY,2,0,962,33.299284,-112.058702,712290,1997,347701,85048
10225 W CAMELBACK RD,,0,,33.508074,-112.28082,192396,,573324,85037
3602 W POLK ST,2,2,671,33.453482,-112.13685,43560,1946,161112,85009
4501 E ALTA VISTA RD,2,5,1632,33.3892,-111.984614,6068,1972,208903,85042
12642 S HONAHLEE CT,4.67,,6810,33.331158,-112.014249,20120,1990,1728270,85044
5818 E ORANGE BLOSSOM LN,5.5,,4837,33.481703,-111.956276,12000,1974,1667299,85018
915 N 4TH ST,,,2369,33.458199,-112.067112,7000,1915,341879,85004
3649 N 72ND LN,2,4,1382,33.491338,-112.215086,6320,1980,178778,85033
22 E MEDLOCK DR,1,,1005,33.511417,-112.072714,7902,1942,358613,85012
2519 W GRANITE PASS RD,4,,3068,33.790649,-112.113522,6050,2003,359105,85085
5216 N 18TH DR,2.33,,1326,33.513759,-112.098614,2692,1985,151156,85015
15857 N 46TH PL,2,,1831,33.631084,-111.980237,11100,1982,373614,85032
3611 E GROVERS AVE,2,,1263,33.647288,-112.001357,6595,2005,271854,85032
16225 N 30TH ST,1.5,2,968,33.634689,-112.017576,426,1984,120975,85032
3601 W YUCCA ST,2,,2100,33.58757,-112.136171,8895,1969,242368,85029
3045 W HEARN RD,2,3,1471,33.614205,-112.124174,5074,1976,176649,85053
2336 N 51ST DR,2,,1333,33.474527,-112.170461,6717,1966,169662,85035
4631 E GOLDFINCH GATE LN,2,4,1833,33.324517,-111.984575,6181,1995,314381,85044
1730 E WALTANN LN,3.67,,2350,33.629405,-112.044661,7073,1994,390794,85022
1541 W FAIRMOUNT AVE,2,3,1889,33.492888,-112.093161,7884,1950,336191,85015
6603 N 7TH DR,2,,2445,33.533158,-112.083193,11631,1957,500624,85013
2633 E JONES AVE,1,,943,33.410342,-112.024324,7797,1941,94941,85040
2062 E HEARTWOOD LN,3,4,1728,33.638581,-112.03758,1514,2013,281242,85022
8722 N 30TH DR,2,3,1176,33.564728,-112.124873,7191,1954,163171,85051
4619 E MONTECITO AVE,1,,1141,33.498733,-111.982044,6273,1953,547155,85018
1933 E WALTANN LN,2.67,,2485,33.628325,-112.040532,12234,1985,435217,85022
4611 N 111TH GLEN,4,7,4147,33.502775,-112.299041,7200,2006,300622,85037
16846 S 36TH PL,2.67,,2202,33.292658,-112.005668,7337,1993,373576,85048
15034 N 12TH ST,4,5,3641,33.623306,-112.059115,17946,1981,692212,85022
2011 N 59TH AVE,3,4,1944,33.470165,-112.186003,8220,1971,195589,85035
15823 S 11TH WY,,0,,33.30261,-112.056148,3157,,309022,85048
4717 E CHISUM TR,2.67,,1705,33.722247,-111.978646,5492,1995,337471,85050
13630 N CORAL GABLES DR,3,,3185,33.610337,-112.085213,14149,1979,525597,85023
920 E SOUTHERN AVE,2,,2461,33.392635,-112.059494,15972,1969,241744,85040
2150 E KINGS AVE,,0,3100,33.636317,-112.035531,43560,2010,468167,85022
8416 N CENTRAL AVE,2,3,1255,33.558651,-112.074659,7104,1974,274434,85020
1008 E VILLAGE CIRCLE DR,2,4,2151,33.609186,-112.059628,7898,1974,331017,85022
8014 S 34TH PL,2,3,1630,33.373655,-112.009837,6211,1998,268109,85042
3943 E TANO ST,3,,2103,33.328691,-111.997563,13125,1985,401282,85044
1123 E DIANA AVE,2,3,1347,33.562546,-112.057916,5876,1958,205280,85020
5723 W WINDSOR AVE,2,,1526,33.477483,-112.183684,8294,1970,180972,85035
25 E CAROL AVE,1,,1203,33.571915,-112.072665,7116,1946,208108,85020
2114 W WASHINGTON ST,2,3,1400,33.448397,-112.105102,7000,1972,170838,85009
1813 N 94TH AVE,2,3,1380,33.46727,-112.261569,4425,2003,198761,85037
2212 W ALICIA DR,2,3,2164,33.372065,-112.10766,7500,2007,300766,85041
1521 W PUGET AVE,2,,1461,33.566323,-112.092272,11295,1960,298035,85021
4301 N 47TH DR,,0,1376,33.498741,-112.160907,6466,1954,150886,85031
1513 W CULVER ST,2,3,1402,33.462446,-112.092004,7118,1930,410333,85007
7433 S 20TH ST,3,,1973,33.379958,-112.038389,10542,2015,262340,85042
1507 E ROVEY AVE,1,2,850,33.524834,-112.049207,,,204100,85014
3537 E UTOPIA RD,2,3,1409,33.662206,-112.006259,5701,1994,283791,85050
2842 W GRENADINE RD,2,4,1707,33.398988,-112.120709,5400,2006,218482,85041
3364 W LONE CACTUS DR,2,3,1600,33.680781,-112.132865,43560,1997,276377,85027
6015 W VILLA ST,2,3,1124,33.456265,-112.188309,7366,1978,171215,85043
1631 W CINNABAR AVE,1,,1040,33.576145,-112.09479,5898,1958,156250,85021
2246 W HARTFORD AVE,1,,977,33.642216,-112.109194,5795,1971,141484,85023
8901 S 7TH AVE,2,,1584,33.366507,-112.082751,24871,1986,242819,85041
4512 N 82ND LN,2,,1648,33.502069,-112.23741,14214,1980,202696,85033
1463 N 54TH AVE,1,2,924,33.465382,-112.176071,1001,1972,72207,85043
8819 S 7TH AVE,1,,928,33.36596,-112.08275,22734,1960,184923,85041
1414 E CORONADO RD,1,2,1228,33.467827,-112.051363,8354,1949,343300,85006
3219 W STELLA LN,2,,1674,33.530292,-112.128518,6791,1958,170740,85017
4431 N 58TH AVE,2,3,1292,33.501776,-112.184392,10023,1956,176773,85031
3907 W WINDSOR AVE,2,4,1597,33.478062,-112.143473,6577,1960,158450,85009
14446 N 10TH ST,2,3,1683,33.618401,-112.060885,10346,1985,340431,85022
2003 W QUAIL TRACK DR,4.67,,4464,33.731393,-112.102964,12294,2008,546419,85085
3511 E BASELINE RD,2,2,890,33.376283,-112.00679,892,1986,141348,85042
2211 W CAMBRIDGE AVE,1,,1438,33.477514,-112.10699,7915,1954,232173,85009
2150 W ALAMEDA RD,3,4,1675,33.708697,-112.10608,2408,2008,242900,85085
2340 E BASELINE RD,1,1,660,33.380037,-111.985565,,1986,,85042
2541 E MARILYN RD,2,3,1464,33.62026,-112.02687,,,245618,85032
23121 N 47TH ST,3,3,2584,33.696776,-111.970303,7605,2016,705701,85050
4651 N 76TH AVE,2,,1619,33.505048,-112.222591,15760,1979,208768,85033
2508 N 47TH LN,1,,864,33.475234,-112.161904,6016,1963,145918,85035
3556 W DENTON LN,2,4,1782,33.516163,-112.136469,7078,1964,183458,85019
1029 E BROADWAY RD,1,0,738,33.407373,-111.919095,,2016,,85040
4221 E ROMA AVE,2,,1280,33.500622,-111.990049,6351,1954,475369,85018
15817 N 8TH PL,2,,1358,33.630055,-112.063431,10144,1979,266278,85022
4438 N 84TH AVE,2,,1056,33.501097,-112.239949,4436,1994,164081,85037
4007 N 13TH WY,1,,1024,33.4931,-112.052143,5703,1935,223349,85014
15802 N 8TH PL,2,,1358,33.629528,-112.063956,15281,1979,279753,85022
22226 N 55TH ST,4,,3502,33.68825,-111.957184,9309,1998,680382,85054
1112 W LAWRENCE LN,2.5,2,3506,33.56463,-112.087648,27421,1991,620821,85021
1215 E SUNLAND AVE,3,3,2021,33.395854,-112.055254,4464,2004,217939,85040
13427 N 24TH AVE,2,,1292,33.608393,-112.110232,7392,1978,213652,85029
4046 W PURDUE AVE,2,3,1808,33.574017,-112.147026,9557,1970,269620,85051
2916 E COBRE DR,2.75,4,2822,33.568664,-112.017492,12253,1975,538506,85028
2609 W WILLOW AVE,2,,1107,33.607281,-112.114589,2074,1985,147407,85029
1354 E FLOWER ST,1.75,2,1350,33.485639,-112.05191,8952,1951,348554,85014
2227 E CATALINA DR,2.33,,1560,33.481299,-112.033345,2047,1974,241812,85016
6941 W LOWER BUCKEYE RD,1,,627,33.422576,-112.210113,19535,1948,93369,85043
1226 W SELDON LN,,0,,33.561796,-112.08874,27558,,244635,85021
2275 W PECAN RD,2,,1812,33.394506,-112.106287,11495,1972,211851,85041
14238 N 43RD ST,3,3,2017,33.617144,-111.990163,10321,1984,404256,85032
3436 W RANCHO DR,1,3,1170,33.522717,-112.133564,6447,1954,146120,85017
4417 E DESERT WIND DR,2.5,3,2102,33.316091,-111.988085,5615,1994,333793,85044
3150 E BEARDSLEY RD,2.5,2,1996,33.670531,-112.01482,207842,2005,314295,85050
19019 N 19TH PL,2,4,1790,33.659199,-112.040311,4726,2002,302481,85024
2812 N 60TH LN,1,4,994,33.478355,-112.190559,6978,1981,165998,85035
1513 W ST ANNE AVE,2,3,1343,33.386752,-112.091168,7154,2002,198330,85041
1113 E BLUEFIELD AVE,1.5,2,1146,33.652216,-112.057664,4183,1985,215040,85022
918 E CORONADO RD,,,,33.46746,-112.062106,8235,1977,,85006
523 E OSBORN RD,2,3,1813,33.48719,-112.066054,7815,1947,336804,85012
3625 N 72ND DR,1,1,1006,33.490431,-112.214279,6098,1980,166316,85033
4402 E GRANDVIEW RD,3,,2576,33.636087,-111.986184,15358,1981,455974,85032
6614 S 18TH LN,2,,1279,33.386245,-112.098823,6600,2003,192491,85041
3033 W FILLMORE ST,,,,33.454451,-112.125266,15000,,,85009
8327 W CATALINA DR,2,,1248,33.481405,-112.239152,6634,2003,184947,85037
3316 N 17TH AVE,2,3,1726,33.486178,-112.09598,7854,1951,339044,85015
2317 E SIERRA ST,2,3,2800,33.59167,-112.031986,15246,1978,516926,85028
601 N 28TH ST,2,,1092,33.455111,-112.020846,5863,1957,177810,85008
4029 S 44TH WY,1,,792,33.409747,-111.984533,1456,1973,76103,85040
2002 N 54TH LN,2,,1212,33.469687,-112.17716,6604,1974,168705,85035
3805 E HIDDENVIEW DR,3.75,4,3768,33.300931,-112.002513,9278,1992,644171,85048
2038 W JEFFERSON ST,1,,812,33.447308,-112.10408,7000,1925,82922,85009
1417 E IRWIN AVE,2,3,1408,33.382378,-112.050838,5393,1987,187268,85042
1624 W LAWRENCE RD,3,,1993,33.536301,-112.093833,14884,1962,383643,85015
2706 W ROBIN LN,1.67,,960,33.690731,-112.117848,6000,1976,178313,85027
4027 E CAMPBELL AVE,2.5,3,1386,33.501292,-111.994454,627,1963,355578,85018
10235 N 31ST ST,2,0,1200,33.579926,-112.014339,1594,1985,401226,85028
2815 E FILLMORE ST,2,,1162,33.454721,-112.020328,6068,1956,176530,85008
12833 N 40TH DR,2,4,1684,33.602769,-112.145621,7949,1978,231561,85029
7204 W WARNER ST,3,4,1625,33.414082,-112.215358,5500,2006,207936,85043
7520 W CORA LN,1,,936,33.486936,-112.22154,8663,1973,156822,85033
2443 W RUE DE LAMOUR AVE,,0,,33.610239,-112.112086,16673,,216349,85029
3027 N 34TH ST,2,3,1666,33.483403,-112.008246,10237,1996,313885,85018
15238 S 20TH PL,3.5,5,3887,33.307965,-112.040282,8973,1992,562060,85048
15232 N 26TH ST,1,,1162,33.625435,-112.026657,6610,1967,218770,85032
22307 N 37TH ST,4.5,5,4416,33.688721,-111.999843,9099,2006,845456,85050
2619 E BROOKWOOD CT,2.5,4,2997,33.303337,-112.027948,6991,1992,451559,85048
2303 W MARSHALL AVE,2,2,2076,33.517493,-112.108621,10102,1954,216560,85015
1811 N 53RD AVE,2,,1228,33.468764,-112.173663,6111,1977,164643,85035
1514 E CINNABAR AVE,2,,2406,33.576951,-112.049264,15246,1955,399316,85020
1925 E ALTA VISTA RD,3,4,1874,33.388801,-112.040394,6830,1989,234365,85042
21609 N 30TH AVE,2,,1101,33.682435,-112.12275,4744,1997,224785,85027
4364 E ROSEMONTE DR,3,,2002,33.657305,-111.986213,3090,2007,331199,85050
2012 N 23RD ST,2,3,1134,33.470239,-112.032746,6973,1950,223666,85006
4131 E PATRICIA JANE DR,1.75,3,1678,33.504678,-111.991631,9283,1959,624030,85018
313 E HARTFORD AVE,2,2,1320,33.642685,-112.069268,4499,1986,229194,85022
819 W PICCADILLY RD,2,,1276,33.492787,-112.085011,7109,1952,287206,85013
20025 N 20TH ST,,0,,33.669278,-112.038193,133213,,322052,85024
1909 N 46TH ST,2,3,1786,33.468624,-111.981981,7622,1953,281860,85008
4420 E GLENROSA AVE,1,,1173,33.498685,-111.985997,6129,1953,449049,85018
11225 N 32ND AVE,2,3,1498,33.588449,-112.127771,7645,1969,204907,85029
2701 W POLK ST,1,,1108,33.452669,-112.117684,5005,1912,120299,85009
7750 N 12TH ST,,0,,33.549894,-112.057778,233850,,,85020
4129 W LINGER LN,2,,1672,33.552309,-112.148271,9609,1969,212789,85051
4530 E CHEYENNE DR,2,,1096,33.348506,-111.985757,8882,1983,223278,85044
2145 E GRENADINE RD,3,5,3359,33.399031,-112.03449,6098,2005,337501,85040
13402 S 38TH ST,2.5,4,2204,33.325001,-112.002038,7884,1988,373803,85044
2328 N 68TH AVE,2,3,1200,33.474322,-112.206572,8681,1975,178620,85035
4404 N 57TH DR,2,,1192,33.501267,-112.18464,7449,1955,162236,85031
1912 E GRANADA RD,1,3,1098,33.468733,-112.040568,7257,1951,221295,85006
6308 W HUGHES DR,2,3,1590,33.425725,-112.196024,6800,2000,201489,85043
115 W VISTA AVE,5.33,,3697,33.546204,-112.076361,13342,1993,1055838,85021
4317 E ALTA VISTA RD,1,3,988,33.389169,-111.989086,6107,1973,158526,85042
4602 N 10TH ST,1,,900,33.503937,-112.060965,6422,1949,207828,85014
8624 W AMELIA AVE,2,,2050,33.493243,-112.244585,,1971,200931,85037
19635 N CAVE CREEK RD,,0,,33.666222,-112.028484,281979,,296020,85024
41713 N CROSS TIMBERS TR,3,3,2450,33.863498,-112.116892,304920,2001,396038,85086
1632 W NIGHTHAWK WY,2,3,1427,33.297159,-112.095531,6420,1998,263789,85045
3359 W STEINBECK DR,2.67,,1567,33.855547,-112.132357,4950,1999,257096,85086
2215 E BELMONT AVE,3.5,4,2379,33.549086,-112.032359,435600,1971,740260,85020
2510 E FAIRMOUNT AVE,1,,1394,33.49331,-112.027467,7632,1950,310212,85016
8322 W WHITTON AVE,2,,1161,33.487972,-112.23874,6891,1978,175012,85037
4241 E ROMA AVE,3,,1435,33.500591,-111.98921,6303,1954,454857,85018
3630 W MINNEZONA AVE,2,,1520,33.503138,-112.137643,7018,1958,164221,85019
14602 N 19TH AVE,,0,,33.61878,-112.10185,327035,,146881,85023
3808 E EVANS DR,2,,2533,33.618626,-111.998509,7885,1974,346415,85032
8051 W PIERSON ST,1,,1078,33.506486,-112.233294,6016,1978,161842,85033
1911 N 41ST LN,2,,1256,33.469017,-112.148978,8742,1977,163383,85009
18633 N 15TH PL,3,3,1846,33.656347,-112.048838,4219,1990,271805,85024
1815 W CITRUS WY,2.33,,1371,33.530443,-112.098172,2871,1970,180531,85015
1542 W VILLA THERESA DR,2,,2088,33.654342,-112.093454,8164,1974,254389,85023
1009 N 22ND PL,2,,1194,33.459032,-112.03254,5421,1952,157839,85006
909 E CAMELBACK RD,1,1,1000,33.508018,-112.061386,398692,1995,259324,85014
717 W BEVERLY LN,3,4,3046,33.633267,-112.083517,8490,1994,403679,85023
2650 E NORTH LN,2,3,2200,33.581201,-112.024023,10436,1972,401610,85028
1711 E BEHREND DR,2,3,1690,33.667702,-112.044639,12279,1987,325102,85024
336 N 20TH DR,1,,1145,33.452595,-112.103639,6010,1926,121946,85009
2933 N 44TH LN,2,4,1755,33.481785,-112.1553,6909,1958,168824,85031
42027 N BACK CREEK CT,3.67,,3475,33.866575,-112.099892,11760,2002,556813,85086
4401 N 50TH DR,2,3,1116,33.500266,-112.167576,6138,1954,167028,85031
3039 N 53RD DR,2,4,1712,33.484161,-112.173792,6229,1958,173031,85031
1 E PIEDMONT RD,2,,1756,33.359403,-112.072845,9836,1965,217310,85042
6619 W CORDIA LN,3.5,4,3523,33.741721,-112.202286,304920,1970,550581,85083
3044 N 53RD PKWY,1.75,3,1380,33.484189,-112.173366,6503,1956,172976,85031
8619 W ALVARADO RD,2,3,1679,33.470112,-112.245044,7218,1994,206577,85037
4642 N 29TH PL,4,5,4600,33.504513,-112.01814,8354,2013,1141073,85016
11226 N 43RD ST,2.67,,2004,33.589149,-111.988832,28375,1975,460148,85028
1650 E MONTE VISTA RD,1,,1276,33.471632,-112.045449,13950,1935,263794,85006
7408 S 27TH PL,3,3,2074,33.379637,-112.024638,5553,2011,282604,85042
20825 N 14TH DR,2,3,1537,33.675478,-112.090994,304920,1981,264176,85027
103 E ANNETTE DR,2,3,1500,33.653223,-112.072681,10018,1980,135789,85022
5223 E TAMBLO DR,2,,1754,33.337308,-111.973393,3990,1974,232708,85044
4753 S 29TH ST,2,,956,33.403489,-112.018312,1676,2009,146500,85040
3601 E AHWATUKEE DR,2.75,3,2750,33.334021,-112.005918,27429,1997,609188,85044
3909 E ST CATHERINE AVE,2,,1931,33.387526,-111.997789,44061,1974,426981,85042
3325 W WINDROSE DR,2,3,1317,33.601271,-112.13113,6599,1960,159091,85029
6711 W OSBORN RD,1,3,700,33.487059,-112.203509,1307,1987,76000,85033
4252 N 67TH DR,1,,1008,33.497883,-112.204113,920,1973,81919,85033
3012 N 56TH ST,2.33,,1683,33.482452,-111.961369,10990,1955,494281,85018
1728 E CLAREMONT AVE,1.67,,2524,33.52899,-112.044629,12767,1958,515425,85016
133 E HARTFORD AVE,2,0,1322,33.642634,-112.07246,4123,1984,228092,85022
5301 N LA PLAZA CIR,2.33,,2085,33.514826,-112.067567,7836,1971,637406,85012
8917 W AVALON DR,2.33,,1513,33.482742,-112.252048,5500,2001,203238,85037
2525 E MARILYN RD,2,4,1500,33.620152,-112.027426,9246,1971,255713,85032
6615 S 40TH WY,1,,900,33.387161,-111.993619,6064,1973,140065,85042
6009 W RUNNING DEER TR,2,3,2238,33.738018,-112.188942,6600,2003,351526,85083
5043 S 21ST WY,2,,1381,33.399943,-112.034888,12253,1958,190173,85040
38273 N 10TH ST,2.33,,2099,33.834985,-112.06034,64730,1989,381337,85086
17425 N 14TH ST,2,3,1302,33.644949,-112.05272,4922,1994,238593,85022
4037 E FILLMORE ST,1,3,1355,33.454603,-111.993528,7445,1952,191806,85008
1604 E BEVERLY RD,3.33,,2093,33.373846,-112.047828,6408,2004,290141,85042
2924 E SEQUOIA DR,,3,1323,33.664516,-112.02041,5960,1998,222439,85050
2130 E SAN JUAN AVE,3,4,3000,33.519046,-112.035406,11225,1955,544417,85016
4026 W CARTER RD,2.5,3,1600,33.3821,-112.145834,3375,2004,205072,85041
3538 E ANDERSON DR,2,3,1306,33.646253,-112.007648,7759,1983,249333,85032
4822 N 94TH LN,2.67,,1877,33.507709,-112.263527,6765,1999,234187,85037
1036 E WAGONER RD,2,,1134,33.652938,-112.058245,3627,1985,211579,85022
6633 N 27TH RD,1,,837,33.534242,-112.116675,917,1973,66530,85017
4535 E PALOMINO RD,3,5,3155,33.510151,-111.981451,24219,1965,1140409,85018
2238 E BOWKER ST,4,5,2700,33.397139,-112.032788,5400,2006,302614,85040
2234 W PARADISE DR,2.5,5,1996,33.595098,-112.107339,7013,1964,231590,85029
3807 N 28TH ST,3,3,1632,33.4923,-112.02148,2248,1966,236539,85016
31908 N 23RD AVE,2,4,1927,33.774621,-112.10881,7041,2005,322311,85085
9425 S 13TH AVE,,,,33.36018,-112.090653,5523,1972,64794,85041
3608 W GLENN DR,2,3,1452,33.540923,-112.136547,6655,1967,206515,85051
15010 S 5TH AVE,4.33,,3114,33.310291,-112.0827,9390,1999,547292,85045
5342 N 20TH ST,2,2,1643,33.51549,-112.039873,3964,1968,341019,85016
12211 S 45TH ST,2.5,3,1600,33.336297,-111.98693,5401,1989,283609,85044
1113 W ANDERSON DR,2,3,1339,33.642759,-112.088785,6878,1978,212486,85023
3835 E LUDLOW DR,2,3,1064,33.613,-111.99686,43560,1971,249151,85032
22440 N 49TH PL,2.67,,2074,33.691568,-111.967394,8131,1996,477076,85054
104 W FRIER DR,2,3,2122,33.54937,-112.076287,522720,1951,631219,85021
1225 N 36TH ST,3,3,1600,33.462474,-112.00196,556221,2006,253507,85008
2726 W ROVEY AVE,2,3,1427,33.525126,-112.118426,8494,1952,175100,85017
1228 E MURIEL DR,2,3,2042,33.646632,-112.055818,5324,1994,303392,85022
6301 N 14TH PL,3.33,,2055,33.529262,-112.049888,10873,1978,478219,85014
18014 N 33RD DR,1,,1296,33.649613,-112.131253,6087,1975,187891,85053
8033 W MEADOWBROOK AVE,2,,1792,33.503115,-112.233088,7540,1980,197767,85033
412 E CAREFREE HWY,3,0,3084,33.800097,-112.067811,109827,1987,510278,85085
1905 E MOUNTAIN SKY AVE,2.5,5,3112,33.306959,-112.042454,10402,1989,556454,85048
3717 E LUDLOW DR,2,3,1250,33.613206,-112.001206,6558,1979,231097,85032
3013 W MONONA DR,1,2,823,33.674955,-112.123864,43560,1982,169105,85027
8208 S 26TH ST,2,,1400,33.371758,-112.027512,6199,1983,193595,85042
2625 N 28TH ST,2,3,2038,33.477842,-112.021229,13993,1981,351924,85008
4511 E MELINDA LN,3,4,2041,33.683686,-111.979985,6560,1997,430546,85050
3434 E GREENWAY LN,1,,1096,33.625043,-112.006488,11075,1981,231487,85032
16609 S 17TH DR,2,3,1660,33.296221,-112.097804,6216,1999,295015,85045
1214 E DESERT BROOM WY,3,4,2671,33.315709,-112.058523,6603,1993,424548,85048
3807 N 30TH ST,1,1,650,33.492198,-112.016201,,,,85016
2033 W MALDONADO RD,2,4,2519,33.383136,-112.103346,9067,2005,261511,85041
3659 W AIDAN CT,2,4,1827,33.839212,-112.138791,5174,2006,284722,85086
3602 W CITRUS WY,2,,1713,33.529949,-112.136636,6691,1959,178106,85019
3032 E BLACKHAWK DR,2,3,1520,33.67105,-112.01695,4028,1998,290958,85050
9414 N CENTRAL AVE,1,,1524,33.571967,-112.07429,11997,1966,324360,85020
4424 E BELLEVIEW ST,3,3,1408,33.46228,-111.986438,1643,1966,175460,85008
2021 W MARCONI AVE,2.5,3,2382,33.629901,-112.102654,4003,2007,306756,85023
2324 W LONE CACTUS DR,,0,,33.679985,-112.109329,8906,,243911,85027
2421 W MONTE CRISTO CIR,2,3,1440,33.630639,-112.112445,,1977,254705,85023
36 W NORTHERN AVE,2.33,,1510,33.553811,-112.075243,4678,1972,265917,85021
7102 S 9TH ST,2,,1192,33.381912,-112.060517,7828,1963,160567,85042
1127 W BASELINE RD,,,,33.376506,-112.088686,87316,,,85041
3318 N 18TH AVE,,0,581,33.486278,-112.098293,38040,1964,205403,85015
5516 N 11TH ST,2,3,2100,33.517086,-112.059368,8965,1951,379125,85014
8554 N 30TH DR,2,3,1080,33.562277,-112.124285,6203,1954,163339,85051
2324 W SIERRA ST,2,,1434,33.59167,-112.109134,6567,1968,175328,85029
1820 W KERRY LN,2,,1140,33.66075,-112.098372,8835,1975,207061,85027
4416 E DARREL RD,,2,798,33.383519,-111.985757,2540,1984,136694,85042
2250 E DEER VALLEY RD,2,2,1186,33.689127,-112.032341,185714,2005,190482,85024
6530 W HESS ST,2,3,1653,33.428931,-112.201428,6050,2004,207836,85043
1502 W CARSON RD,1,,840,33.383015,-112.090756,6604,1973,126612,85041
3010 E REDFIELD RD,2.67,,2407,33.615059,-112.017093,9088,1994,402873,85032
3422 N 79TH DR,1,,980,33.488054,-112.232979,8886,1961,154348,85033
3408 N 45TH ST,2,3,1469,33.488008,-111.984523,8769,1957,451731,85018
14802 N 38TH CIR,2,3,1852,33.619368,-112.141751,8442,1969,255992,85053
1308 W MARIPOSA ST,2,,1689,33.508387,-112.089525,6673,1956,296405,85013
4027 N 58TH AVE,2,4,1850,33.494118,-112.183871,14257,1960,192915,85031
5259 W INDIAN SCHOOL RD,,,,33.494394,-112.172799,,,225849,85031
4640 E WHITE ASTER ST,2.67,,1873,33.30961,-111.983691,5253,1993,318754,85044
825 W AMELIA AVE,2,3,2307,33.493602,-112.085258,6760,1952,332098,85013
2410 E CHARLOTTE DR,4,5,3200,33.70751,-112.029122,8385,2008,488861,85024
3502 E DUNLAP AVE,3,,2897,33.568759,-112.00643,10132,1984,697097,85028
9417 W HUBBELL ST,3,4,3050,33.46915,-112.263037,6900,2004,266824,85037
502 E LAVITT LN,3,3,2620,33.831606,-112.067641,35427,1989,467889,85086
2817 W UNION HILLS DR,3,4,2466,33.654128,-112.120026,42079,1977,397397,85027
4726 E PASO TR,2.67,,1636,33.721945,-111.97831,6083,1995,335516,85050
2135 E CAMELBACK RD,1,,890,33.508935,-112.061183,839,2001,177093,85016
8127 W MIAMI ST,2.5,4,2310,33.418902,-112.236207,7289,2005,245266,85043
3930 W WILLOW AVE,2.33,,1703,33.606998,-112.145331,8376,1982,254627,85029
5745 N 23RD PL,2.67,,2730,33.521911,-112.031158,24293,1964,865078,85016
16225 N 30TH ST,1.5,2,968,33.634689,-112.017576,426,1984,120975,85032
901 W KRISTAL WY,2,,1357,33.660981,-112.085363,7799,1979,221801,85027
2415 N 83RD DR,2.5,3,1449,33.474134,-112.2383,,,183574,85037
550 W MARYLAND AVE,2.5,2,1278,33.532075,-112.080961,70725,2009,209572,85013
3015 W CROCUS DR,2,3,1870,33.615001,-112.123303,8251,1974,244098,85053
1018 S 1ST AVE,1,,840,33.437396,-112.075468,6500,1916,83574,85003
3643 W LAMAR RD,2,,2006,33.536047,-112.138093,6678,1959,195849,85019
20634 N 28TH ST,,,,33.673998,-112.022743,,,230402,85050
2823 W SOLANO DR,1,,1453,33.52089,-112.120112,7253,1952,121063,85017
2308 W SKINNER DR,3,3,2542,33.749641,-112.109074,7057,2006,361213,85085
6524 W HILTON AVE,2,3,1655,33.428181,-112.201029,6127,2005,207297,85043
7121 N 21ST AVE,2,,1902,33.54128,-112.10367,6464,1970,269650,85021
5350 E DEER VALLEY DR,2,2,1392,33.678101,-111.96437,1380,2008,,85054
5538 N 42ND LN,2.33,,2055,33.518076,-112.150712,8451,1969,203975,85019
1126 W JOY RANCH RD,3,4,3200,33.82859,-112.08818,43000,2004,528326,85086
4545 N 67TH AVE,1,1,581,33.503988,-112.202278,2874960,1986,74673,85033
3350 E PINCHOT AVE,,,1658,33.482652,-112.008779,14810,1950,,85018
1448 E CARSON RD,2.33,,1680,33.382132,-112.049659,5401,1994,214629,85042
3925 W OCOTILLO RD,2,,1161,33.534619,-112.144087,7357,1960,171450,85019
3236 E CHANDLER BLVD,2,2,1310,33.306443,-112.013614,,,237985,85048
6290 N 31ST WY,2.33,,1849,33.527915,-112.015693,8708,1986,595804,85016
2701 E LAUREL LN,2.67,,2156,33.594273,-112.023756,11176,1979,393012,85028
1128 N 49TH ST,2,4,1458,33.460462,-111.976725,7030,1959,165751,85008
7218 W MINNEZONA AVE,2,,1121,33.502843,-112.215592,6125,1994,180662,85033
1014 E INDIANOLA AVE,1,,626,33.492227,-112.06029,6090,1950,,85014
22825 N 39TH RUN,2.5,4,3211,33.693932,-111.984059,7683,2005,606175,85050
3912 N 13TH PL,,0,2160,33.492464,-112.053273,9993,1948,356496,85014
2937 N 18TH ST,1,,1001,33.481627,-112.043418,8660,1951,241194,85016
2005 W PERSHING AVE,2,3,1345,33.605853,-112.101939,7027,1961,221150,85029
7201 W DEVONSHIRE AVE,2,,1280,33.496167,-112.213847,6390,1972,174654,85033
1550 W ESCUDA RD,2,4,1584,33.667578,-112.093772,7840,1975,229538,85027
9116 S 1ST AVE,,,,33.363968,-112.074093,1387,,,85041
735 E DESERT LN,3,4,1624,33.371482,-112.064345,16596,1985,231924,85042
2501 W SURREY AVE,2,4,1800,33.60497,-112.112468,8879,1976,269103,85029
4722 E CYPRESS ST,1.67,,1161,33.472206,-111.979126,8555,1955,283010,85008
17825 N 33RD DR,2,,1228,33.648262,-112.13075,6524,1974,192669,85053
332 E HAYWARD AVE,1,,1125,33.549784,-112.068129,10337,1950,306982,85020
4250 E PALO VERDE DR,2.5,,3536,33.523843,-111.990351,29725,1961,1488061,85018
1826 W OCOTILLO RD,1,,672,33.535303,-112.098191,802,1975,77565,85015
6739 N OCOTILLO HERMOSO CIR,2,,1190,33.536032,-112.04396,2548,1972,249220,85016
15229 S 18TH DR,3.67,,3124,33.304029,-112.099508,6712,1999,448948,85045
3130 N 7TH AVE,1,1,407,33.484916,-112.084067,338,1964,96371,85013
2012 N 78TH GLEN,3,2,1285,33.469935,-112.228835,1520,2008,167737,85035
4130 N 21ST ST,2.5,2,1145,33.49593,-112.03699,1077,1985,,85016
11138 W BRITTLEWOOD DR,2,3,1603,33.504403,-112.299535,5866,2006,213715,85037
2339 N 45TH AVE,2,,1229,33.474663,-112.155995,7344,1982,170177,85035
13816 N 33RD AVE,2.75,4,2360,33.611538,-112.129267,8106,1967,276243,85053
4914 W MULBERRY DR,2,,1650,33.487094,-112.164017,12872,1958,179057,85031
3701 E NOWATA DR,3,4,2729,33.336951,-112.003203,27634,1983,547444,85044
8910 N DREY LN,3,3,2197,33.566125,-112.084547,5283,2006,463673,85021
13825 N 42ND LN,2.67,,1229,33.612046,-112.150399,1928,1991,156026,85053
1121 W PORTLAND ST,2,2,1183,33.459392,-112.08814,7680,1930,336085,85007
7825 S 21ST DR,2.5,5,2902,33.374319,-112.10491,19605,2004,357185,85041
2307 W SPUR DR,2,3,2174,33.726116,-112.108485,6599,2007,338233,85085
3360 W LYNWOOD ST,1,,794,33.46529,-112.131094,9182,1950,135447,85009
2521 W MOBILE LN,2.33,,1327,33.400011,-112.112943,4950,2003,191588,85041
6638 N MAJORCA WY W,1.67,,1318,33.534227,-112.045618,2740,1971,270281,85016
17642 N 23RD AVE,1.75,4,2319,33.646888,-112.109435,10898,1962,264863,85023
1118 W ANGELA DR,2,3,1740,33.645466,-112.087993,6581,1974,226546,85023
1842 E ST CHARLES AVE,2,3,1867,33.385964,-112.040616,8357,1999,249420,85042
4125 E MURIEL DR,2,,1368,33.646276,-111.991921,9776,1974,254793,85032
6207 S 47TH WY,2,,1632,33.390695,-111.978718,11378,1974,236427,85042
2319 W GLENDALE AVE,3,,2000,33.536645,-112.089369,5850,1968,321708,85021
1823 N 39TH ST,2,,1767,33.468093,-111.996731,18077,1953,380944,85008
326 E PURDUE AVE,1,,896,33.574382,-112.068245,13601,1930,189599,85020
1541 W SHANGRI LA RD,2,3,1559,33.587327,-112.092938,8468,1950,182497,85029
7121 W WILLIAMS ST,2.5,4,2219,33.421287,-112.213719,5500,2005,230412,85043
2327 W POINSETTIA DR,2,,1333,33.593431,-112.109311,6094,1971,188502,85029
7839 N 34TH AVE,2,,2275,33.552546,-112.131668,8860,1961,215885,85051
1537 W MONROE ST,,,,33.450001,-112.093089,,,284466,85007
22432 N 49TH PL,2,3,2248,33.691215,-111.967473,7231,1996,508810,85054
2448 W MANDALAY LN,2,4,1881,33.619046,-112.113184,7739,1976,255176,85023
6002 W CHEERY LYNN RD,3,4,1700,33.485217,-112.188379,7444,1960,186943,85033
2543 E HIGHLAND AVE,1,,966,33.505622,-112.026109,6345,1955,344146,85016
8714 W VIRGINIA AVE,2,3,1552,33.47667,-112.24733,6068,1986,197060,85037
12238 S POTOMAC ST,2,2,1004,33.335509,-111.980494,43560,1981,238167,85044
649 N 69TH AVE,1,,1499,33.456488,-112.207979,6290,1991,179157,85043
10030 W INDIAN SCHOOL RD,2,2,1037,33.494563,-112.278234,307230,1999,191022,85037
2502 N 58TH LN,2,,1288,33.475109,-112.186159,4243,1972,165582,85035
1122 E YUMA ST,1,,912,33.435248,-112.057664,6172,1956,72773,85034
1222 E BOWKER ST,2.5,3,1409,33.397436,-112.055029,3497,2004,195721,85040
1726 W SENTINEL ROCK RD,2.5,3,4007,33.808819,-112.096426,55281,2007,826204,85086
5834 W DESPERADO WY,5.33,,3596,33.73116,-112.185581,12494,2007,586019,85083
1820 W CORONA AVE,2.67,,1217,33.405827,-112.097969,11199,1952,154742,85041
5203 S 11TH AVE,1,,1276,33.399178,-112.085951,6534,1952,158505,85041
2941 N 39TH ST,,,2054,33.481992,-111.99736,10125,1961,431722,85018
411 W MONTE CRISTO AVE,2.67,,1725,33.631285,-112.079418,4444,1986,285659,85023
4106 W MULBERRY DR,1,2,1084,33.487156,-112.147694,5998,1962,163962,85019
4319 E GATEWOOD DR,2,4,1963,33.684625,-111.984041,5657,1996,405169,85050
12627 S 38TH PL,3,,2152,33.331649,-111.999917,8925,1983,396283,85044
14401 N 42ND PL,2,,1560,33.617293,-111.990531,10391,1981,332733,85032
924 W CINNABAR AVE,1,,768,33.576945,-112.085939,681,1965,97317,85021
16015 S 1ST ST,3,4,2901,33.301442,-112.076999,304920,1994,551626,85048
5304 W FULTON ST,2,,1656,33.414538,-112.173821,3860,2005,204356,85043
2406 W COOLIDGE ST,,,420,33.505428,-112.110768,36155,1967,,85015
18916 N 43RD WY,2.5,4,2147,33.658282,-111.986729,43560,2007,379262,85050
13616 S 37TH ST,2.75,4,2178,33.323299,-112.003472,7815,1989,355208,85044
17211 N 35TH AVE,1,0,758,33.642091,-112.133009,354812,1981,213664,85053
2328 N 31ST PL,2.67,,2565,33.474238,-112.014494,7980,1951,348658,85008
2221 E UNION HILLS DR,2,3,1332,33.653513,-112.035121,5998,2000,247598,85024
4528 E MURIEL DR,2,3,1812,33.646058,-111.982513,6028,1993,367097,85032
7502 N 13TH ST,2,3,1270,33.545703,-112.054482,6930,1958,273285,85020
3212 W MICHIGAN AVE,1,2,936,33.651221,-112.128365,5009,1979,169426,85053
1618 N 77TH GLEN,2.5,2,1286,33.466191,-112.22655,1393,2016,168973,85035
8809 S 51ST ST,3,,1435,33.365985,-111.971762,2788,1994,233267,85044
1513 E ROOSEVELT ST,1,3,897,33.458422,-112.049253,6928,1926,217500,85006
4321 N 55TH DR,2,,1797,33.499401,-112.178859,7192,1957,184041,85031
4001 E LUDLOW DR,4,4,2080,33.612983,-111.995668,304920,1975,275041,85032
1636 E RUNION DR,3.75,4,2621,33.672819,-112.047348,7329,1996,433659,85024
1202 E WINGED FOOT RD,2.33,,1757,33.616273,-112.05637,14377,1979,349797,85022
35832 N 17TH AVE,,,163676,33.811213,-112.096879,54195,,271399,85086
7220 S 42ND ST,,,,33.38094,-111.992037,7215,1972,73585,85042
17365 N CAVE CREEK RD,2.67,3,1186,33.643298,-112.030465,1437,2006,178720,85032
2725 E MINE CREEK RD,2.5,3,1381,33.703287,-112.025504,757423,2008,1170517,85024
2443 W MINERAL RD,3.5,4,3589,33.356243,-112.113215,8072,2007,375329,85041
6565 N 19TH AVE,2,2,1152,33.533368,-112.099377,43560,1963,89857,85015
414 W MONTE WY,1,,800,33.360723,-112.080812,7902,1960,155119,85041
15435 S 24TH ST,2,4,1,33.305627,-112.032248,6837,1991,327794,85048
951 W ROMA AVE,1,3,1125,33.500467,-112.087251,8634,1947,280462,85013
2151 W ORANGEWOOD AVE,2,3,1414,33.54561,-112.106133,6107,1957,250385,85021
2465 E JOHN CABOT RD,1,3,1050,33.650446,-112.02801,6963,1982,217802,85032
43 E GRISWOLD RD,3,5,3170,33.556371,-112.072008,38060,2013,912794,85020
8955 W CHEERY LYNN RD,2,5,1612,33.483503,-112.253209,7593,1979,193176,85037
17209 N 27TH PL,2.67,,1790,33.642972,-112.023436,4815,2002,272472,85032
2916 N 50TH AVE,2,,1722,33.481648,-112.167213,14222,1958,167253,85031
2302 E LAMAR RD,3,4,2128,33.536139,-112.033106,11260,1967,459413,85016
1766 W MORSE DR,2,3,1264,33.851049,-112.097204,4356,2004,251094,85086
3611 W MINNEZONA AVE,2,,1520,33.502719,-112.136966,7135,1958,146059,85019
5108 E TANO ST,1,2,836,33.329403,-111.974428,11238,1981,222217,85044
41019 N CONGRESSIONAL DR,3,4,2545,33.857382,-112.103918,8768,2003,389346,85086
800 W BASELINE RD,,,640,33.378562,-112.084892,53546,2009,246313,85041
6921 W ALMERIA RD,2,,1064,33.466096,-112.209238,6599,1976,164144,85035
11844 N 40TH WY,2,3,1646,33.594828,-111.995451,43560,1987,353655,85028
2430 W POINSETTIA DR,2,3,1350,33.59405,-112.111535,6334,1971,199094,85029
1925 W NORTHVIEW AVE,1.75,3,1493,33.542865,-112.100901,8254,1960,215535,85021
2905 W SOLANO DR,1.67,,1702,33.521619,-112.121456,6312,1952,165360,85017
121 E ORCHID LN,2,,1043,33.561702,-112.071966,6098,1957,246537,85020
9236 S 7TH AVE,1,,1013,33.361882,-112.083668,6051,1956,175001,85041
1629 W BETTY ELYSE LN,,,,33.627107,-112.094376,6026,,84393,85023
29611 N 21ST DR,3,5,3606,33.753279,-112.104604,11485,2006,462239,85085
3232 W CASINO AVE,2,3,1647,33.742891,-112.129254,7718,2002,266562,85083
4040 E MCDOWELL RD,,,,33.465819,-111.993186,,,249524,85008
2202 N 65TH AVE,2,3,1280,33.471666,-112.199696,6821,1971,177866,85035
3026 N 37TH DR,2,,1176,33.482888,-112.140391,6551,1956,160177,85019
1527 W WINDROSE DR,2,3,1721,33.601224,-112.0927,11884,1962,347751,85029
33154 N 14TH ST,,,,33.786125,-112.053981,51150,1999,225424,85085
3927 E DESERT COVE AVE,2,,1808,33.586113,-111.997263,8610,1961,366916,85028
2239 N 29TH ST,3,4,2137,33.472571,-112.019099,7616,1959,290062,85008
7801 W AMELIA AVE,2,4,1732,33.492658,-112.227214,304920,1961,204559,85033
14244 N 27TH PL,3.67,,3377,33.616818,-112.022716,25645,2007,842149,85032
2222 W WELDON AVE,2,4,1780,33.490699,-112.107187,7505,1950,269728,85015
4141 W MCDOWELL RD,,0,,33.465072,-112.149196,79711,,632285,85009
6639 W FILLMORE ST,2,3,1262,33.454987,-112.202872,2480,2004,171337,85043
4210 W IRONWOOD DR,2,,1706,33.575726,-112.149609,8808,1969,223715,85051
4242 N 11TH ST,1.67,,1253,33.497925,-112.058869,7113,1950,274598,85014
4010 E EXPEDITION WY,2.5,3,2236,33.697455,-111.981884,6616,2011,524209,85050
3261 W FULLER DR,3.67,,2674,33.85129,-112.129668,11108,2000,367091,85086
8848 N 40TH AVE,1,3,1064,33.567054,-112.14501,6103,1961,152318,85051
1542 W CAMPBELL AVE,2.5,4,1584,33.502845,-112.092616,1738,1965,172931,85015
3419 W ORCHID LN,2,,1073,33.561671,-112.133162,7597,1959,135220,85051
928 E ANNETTE DR,2.33,,1102,33.653571,-112.059925,3596,1991,220527,85022
818 N 44TH ST,,,,33.456898,-111.987546,10106,,240436,85008
4210 N 15TH DR,3,3,2148,33.496845,-112.092595,12075,1949,378937,85015
16841 N 39TH DR,2,3,1453,33.638624,-112.143328,12470,1980,241614,85053
17605 N 36TH ST,2,3,1360,33.645173,-112.00241,6699,1979,254858,85032
2238 E MERCER LN,2,,2147,33.58553,-112.035656,10364,1976,506389,85028
2155 E LIBERTY LN,,0,,33.293064,-112.034954,497546,,904780,85048
7238 W GLOBE AVE,2,3,1580,33.419082,-112.216275,5453,2006,207840,85043
1446 E GROVERS AVE,2.5,2,1330,33.647823,-112.050628,,1987,177636,85022
6149 N CENTRAL AVE,2,2,1260,33.527273,-112.073366,1312,1951,,85012
4284 E TETHER TR,3.33,,2359,33.726055,-111.989581,9153,1996,421400,85050
16206 S 18TH AVE,2.67,,1620,33.299847,-112.099435,7153,1998,303628,85045
3029 E WALTANN LN,1,2,800,33.628313,-112.016338,9093,1983,188087,85032
4439 E REDWOOD LN,2,3,2225,33.292982,-111.987009,6873,2001,348589,85048
5738 N 37TH AVE,2,3,1573,33.521758,-112.138813,6386,1961,179355,85019
4334 E LEWIS AVE,1,,1351,33.47526,-111.987639,11535,1950,310802,85008
3232 W KIMBERLY WY,2.67,,2157,33.658251,-112.129955,11716,1981,304288,85027
41303 N RIVER BEND RD,2,3,2082,33.85926,-112.097146,7500,2005,369741,85086
3111 W BETHANY HOME RD,2,,1759,33.523646,-112.126179,7100,1954,173699,85017
14435 S 48TH ST,1,,767,33.314633,-111.979931,792,1998,169729,85044
5906 W SOUTHGATE CT,2,4,1912,33.411065,-112.186789,6123,2005,222072,85043
822 W HAZELHURST DR,4.67,,2988,33.864827,-112.084857,12349,2005,494220,85086
5544 N 10TH AVE,2,3,1302,33.518264,-112.086033,8890,1950,307672,85013
4813 E SIOUX CT,2,3,1430,33.335782,-111.982339,3925,1978,233648,85044
3135 E ATLANTA AVE,2,3,1786,33.400374,-112.014006,6969,1925,199253,85040
815 E SELDON LN,2,4,1666,33.561012,-112.063151,6029,1956,264687,85020
8121 W GROOM CREEK RD,3,3,1501,33.463963,-112.233535,748,2011,163596,85043
2418 E OSBORN RD,2,3,1300,33.487943,-112.029267,18500,1959,521641,85016
6418 W TETHER TR,3,4,2363,33.723965,-112.199491,6939,1999,334287,85083
34911 N 30TH AVE,2,,1265,33.800452,-112.12373,74,2004,216141,85086
8501 W MEADOWBROOK AVE,2.33,,1500,33.503137,-112.242539,6826,1996,206571,85037
3002 N 81ST LN,2,,1092,33.481655,-112.234849,7597,1963,168529,85033
7031 W PALM LN,1,,1064,33.468286,-112.210837,7858,1976,152249,85035
3419 W WALDEN WY,3,4,2140,33.853301,-112.133239,4791,2000,288932,85086
904 E MONTEBELLO AVE,1,,835,33.520339,-112.062457,5750,1948,297363,85014
8537 N 6TH ST,2,3,1059,33.561779,-112.066281,6151,1957,227225,85020
4131 W WALTANN LN,4,8,3497,33.6265,-112.148246,35531,1973,516603,85053
6908 W MELVIN ST,2,4,1588,33.452308,-112.208839,6286,1985,197718,85043
3750 W HUNTINGTON DR,2,3,1151,33.393124,-112.140598,21131,1964,173032,85041
1719 E GELDING DR,3,4,2800,33.617666,-112.045788,8505,1993,484618,85022
2837 E BECK LN,2,,1110,33.627289,-112.020984,2005,1982,131715,85032
4620 N 71ST LN,1,,625,33.505242,-112.212071,1951,1963,69695,85033
11815 N 42ND DR,2,4,1771,33.59324,-112.150482,8712,1974,235629,85029
1547 W VILLA MARIA DR,1.75,3,1129,33.651519,-112.093664,8211,1973,203853,85023
730 E MESQUITE ST,4,,3000,33.842232,-112.062594,43908,1999,484767,85086
1819 W OCOTILLO RD,1,,670,33.535103,-112.0974,661,1975,77453,85015
3211 W LONE CACTUS DR,2,3,1101,33.680335,-112.128686,5161,1995,223534,85027
8609 W WINDSOR AVE,3.33,,1768,33.47767,-112.244753,5998,1994,194024,85037
4227 E SOUTH FORK DR,3,4,2135,33.306313,-111.9923,5179,1996,323376,85044
16013 S DESERT FOOTHILLS PKWY,2,0,962,33.299284,-112.058702,712290,1997,347701,85048
6257 W HIGHLAND AVE,2,,1665,33.503504,-112.194045,8411,1961,183717,85033
4914 W SADDLEHORN RD,4,4,3296,33.71594,-112.166111,20488,1990,544439,85083
5324 N 44TH ST,3,4,2116,33.515192,-111.987017,784080,1959,927006,85018
4017 N 38TH PL,3,3,1965,33.493972,-111.998389,8563,1953,541098,85018
15609 N 16TH DR,2,2,1249,33.627649,-112.094664,5963,1980,101129,85023
2225 W MINNEZONA AVE,,,1201,33.50291,-112.107161,13068,1961,198901,85015
5929 W CLARENDON AVE,2,4,1709,33.491442,-112.188059,9626,1958,179981,85033
3461 E GRANITE VIEW DR,3,,2303,33.318983,-112.008687,11156,1993,413473,85044
19205 N 15TH AVE,2,,1256,33.660037,-112.091226,8512,1979,227051,85027
14453 S 44TH ST,3.33,,2102,33.314698,-111.988221,5741,1994,346226,85044
1516 W HONONEGH DR,2,3,1765,33.673611,-112.093149,15076,1980,268268,85027
537 W KALER DR,4.5,4,3816,33.547556,-112.08179,15690,1952,897307,85021
327 W MURIEL DR,2.67,,1698,33.645918,-112.079047,7314,1995,293389,85023
6105 W MORELAND ST,2,3,972,33.460923,-112.190644,7866,1984,170493,85043
16812 S 13TH PL,2,3,1718,33.294372,-112.054966,5239,1990,310388,85048
717 E ROSEMONTE DR,2,3,1567,33.656773,-112.06472,4007,1992,253544,85024
3441 W RANCHO DR,1,,1736,33.522306,-112.133767,6652,1954,183587,85017
2448 E INDIGO BRUSH RD,2,3,1817,33.31168,-112.030028,5737,1989,326808,85048
9009 W VIRGINIA AVE,2,3,1216,33.474297,-112.253359,6003,1995,189016,85037
1632 W BURGESS LN,2.33,3,1405,33.390555,-112.094028,5500,2002,198407,85041
345 W BETHANY HOME RD,3,4,2223,33.523539,-112.079902,17785,2012,515214,85013
1102 W MISSION LN,1.75,3,1322,33.568512,-112.087701,2957,1967,190380,85021
2905 W BOWKER ST,2,4,1810,33.396307,-112.121038,6050,2006,220005,85041
4205 N 19TH ST,2.33,,1351,33.497064,-112.040764,7771,1948,310349,85016
5311 W EL CORTEZ TR,2.67,,1816,33.716993,-112.174727,6032,2006,321758,85083
3809 W RUE DE LAMOUR AVE,2,4,2100,33.609759,-112.140913,7884,1972,245550,85029
3236 E CHANDLER BLVD,2,2,1310,33.306443,-112.013614,,,237985,85048
1837 E CYPRESS ST,1,,808,33.471806,-112.041653,5789,1947,172074,85006
4608 E WALTANN LN,3,5,3594,33.627789,-111.981698,9922,1992,552908,85032
1731 E CHAMBERS ST,1,,1007,33.396552,-112.043358,6456,1959,123921,85040
10828 N BILTMORE DR,2,2,1080,33.585409,-112.118319,744,1979,127972,85029
4049 W PALOMINO RD,1,2,924,33.509813,-112.147106,43560,1972,,85019
1717 E MONTECITO AVE,1,3,1450,33.499004,-112.044573,43560,1955,301267,85016
2150 W ALAMEDA RD,3,4,1675,33.706721,-112.106807,43560,2008,246560,85085
6719 W OSBORN RD,2,3,1459,33.486624,-112.206328,4939,2006,203973,85033
2612 E CORTEZ ST,2,3,2156,33.591596,-112.025605,9888,1979,393427,85028
1702 E BELL RD,2.5,3,1600,33.640706,-112.043866,1543,2005,,85022
2834 W MELVIN ST,2,3,1168,33.45237,-112.120992,6499,1936,128643,85009
514 W WILSHIRE DR,1.67,,1345,33.476056,-112.081219,7296,1939,434336,85003
3434 E BASELINE RD,2,2,858,33.378788,-112.00765,910,1999,,85042
4130 N 21ST ST,2.5,2,1145,33.49593,-112.03699,1077,1985,,85016
112 W SOUTHERN HILLS RD,4,,4000,33.609681,-112.076864,14555,1978,761942,85023
